path,id
.nojekyll,zSTWCIaaSeA1m2IFNLXoSL_y03eH5o5Cm2qZpWhVrho
_nuxt/0ed6b45.js,Lxz7cgVLeY9iHUZDNbrwlXZd1gaISep6Owy5S8Sdg3Q
_nuxt/33339f1.js,G1kjXSECcRR3_o5S7c2uDoR_STkHB7OJZ-Ig_Bw2nkE
_nuxt/0ce1b91.js,lDKIsRLisNQmfbOCKtols6dhMIdTWXr18VHobFQ4dtc
favicon.ico,79GtaSvzlqGqFRljC-dwvgVQ-hawIXbDza0soaeUrNA
index.html,FDO8tjZsTn60uVlHMFUNDLZbdIRb1z7b_B1Uec0Knp0
200.html,cf8m6Z9VHFESodOILBwQNcUK9qKoBnd6Vtw5pYmo80c
_nuxt/2285125.js,YyhX3mIrwZh6lJS8eMcnflunvH4dhR3WChXZfOCcm8E
_nuxt/7ae7a1a.js,L_WdUlbpUsqaFgWsxV4S-rkDlyc-_-K-XUNrLFFxpBE
_nuxt/afe75fb.js,UjmQ9ZzFJeqSatv6fCPN5E9fFj-RlfOW6nd_Oo6kfkg
_nuxt/a51ad12.js,wXWPDNjwbIC-Q-gVVufIEaGcfgk2vqtqqEIh_7PoEGA
_nuxt/static/1655022730/manifest.js,ikxKJlwHfmtAtsIglT3RtzlLSPInzLCr-iIuC5zMQT4
_nuxt/LICENSES,oxhxIl1bewNGKuQtjbAr70YyJXEYxnhtjDxdXMH69Uw
_nuxt/static/1655022730/payload.js,vBvYhHgwlJh9TlZie4knGkZ52zBhdcNtMOmUvjc_86U
_nuxt/57bf529.js,3QFFDnX0peDX6LCUl8O8AptwaXmlh9sfPmEi6DHJso4
_nuxt/static/1655022730/state.js,rJYcFKcx90HQmqP32xdfIXN8XMDCQEbyfTE7_vOOvFo
_nuxt/d3d5aaa.js,YdvpL4fPFszgVBpVgaUOTb43Wjecjbk6UYpyY8cGJuM
_nuxt/59f676d.js,iUrykGjvS8Tn8ginzQ7bnNEU2s-Sx-CN93Wiq6x3Sh4
_nuxt/a1b5765.js,qzOiGo4ucUuNT7tCQPeddLk6mS191VE87tW30ULRPaE
_nuxt/0e800b3.js,qffANF5uNNRHgpwcxaCtZ_kE5gTdoFcllUZ1Hdp0IvU
